gene_id	gene_name	baseMean	log2FoldChange	padj
YAL038W	CDC19	7628.97100141702	-0.436120584555133	3.51899365238747e-06
YAL003W	EFB1	708.339578916226	-0.519323531969447	1.98747345984463e-05
YAL061W	BDH2	27.1922142350081	0.968215460360137	0.00185433756435163
YAR010C	YAR010C	7090.37015454061	-0.532464099350537	0.00296908880312448
YAR009C	YAR009C	18536.1232435934	-0.500985331128785	0.00296908880312448
YAL062W	GDH3	45.2719051299195	-0.390663013215302	0.130186120705317
YAL013W	DEP1	117.164967404147	-0.24436175134601	0.4336718063239
YAL009W	SPO7	10.5243701316227	0.217566996366684	0.4336718063239
YAL012W	CYS3	236.456213045312	-0.190212444584423	0.4336718063239
YAL035W	FUN12	579.42812538421	-0.175450213396977	0.4336718063239
YAL058W	CNE1	22.4255223167897	-0.200281312688595	0.553043587386672
YAL017W	PSK1	87.6510279773283	0.182228359289736	0.553043587386672
YAL019W	FUN30	100.722322643519	-0.156510776704349	0.633363895963446
YAL060W	BDH1	41.5963102503069	0.155832521114474	0.633363895963446
YAR007C	RFA1	61.0361982358011	-0.151090335036938	0.633363895963446
